instance,generators,cont_params,cost,violation,expectation_jobs,total_expectation_jobs,total_fidelity_jobs,classical_opt_time,optimized_bitstrings,max_inner,ar_uniform,ar_opt,error,history
0,,,,,,,,,,,,,Timeout after 1800.0s,
1,,,,,,,,,,,,,Timeout after 1800.0s,
2,,,,,,,,,,,,,Timeout after 1800.0s,
3,01010,"[0.0, 0.9688723057163972, 0.0, 1.3594349663661516, 0.0, 0.0, 2.3834126496365494e-07, 0.0, 0.17599571593209154, 0.0, 1.0007251278433347, 1.0007163580633143, 0.9975919118389839, 1.001168636206077, 1.0006989194208344, 0.0, 0.00011762778402998932, -0.006771694466326993, 0.001225244376326004, -0.00028957839446649985]",4.699268600818254,0.0,,,,,,,,,Timeout after 1800.0s,"[{""time"": 359.99075476266444, ""expectation_jobs"": null, ""fidelity_jobs"": null, ""optimizer_stats"": {}, ""result"": {""generator_statuses"": ""10010"", ""params"": [1.3684122686374924, 0.0, 0.0, 0.9609816677123664, 0.0, 0.000594054640227406, 0.0, 0.0, 0.17781065816314268, 0.0, 1.0017064303777337, 1.0006496220939614, 0.9973797551220493, 1.0006678448678414, 1.0004874325272217, 0.0, -0.0024169137866904876, -0.009493040629323187, -0.0023587503191359075, -0.0030081751754060036], ""fun"": 5.763913670094925, ""violation"": 0, ""total"": 5.763913670094925, ""extra"": {}}}, {""time"": 581.4407724309713, ""expectation_jobs"": null, ""fidelity_jobs"": null, ""optimizer_stats"": {}, ""result"": {""generator_statuses"": ""01010"", ""params"": [0.0, 0.9688723054780138, 0.0, 1.359434966603964, 0.0, 0.0, 2.610196505628606e-07, 0.0, 0.17599569325153733, 0.0, 1.0007251278445584, 1.000716358070187, 0.9975919118184076, 1.0011686362364574, 1.000698919400323, 0.0, 0.00011762778284782822, -0.006771694459169425, 0.0012252443662716902, -0.0002895783870423918], ""fun"": 4.699268600833634, ""violation"": 0, ""total"": 4.699268600833634, ""extra"": {}}}, {""time"": 1643.2153778122738, ""expectation_jobs"": null, ""fidelity_jobs"": null, ""optimizer_stats"": {}, ""result"": {""generator_statuses"": ""01010"", ""params"": [0.0, 0.968872305473303, 0.0, 1.3594349666085752, 0.0, 0.0, 2.5673736926389067e-07, 0.0, 0.17599569753385375, 0.0, 1.000725127844937, 1.0007163580694967, 0.9975919118229201, 1.0011686362313093, 1.0006989194048215, 0.0, 0.000117627783058531, -0.006771694460464705, 0.00122524436810461, -0.00028957838839619734], ""fun"": 4.699268600833578, ""violation"": 0, ""total"": 4.699268600833578, ""extra"": {}}}, {""time"": 1724.8388451011851, ""expectation_jobs"": null, ""fidelity_jobs"": null, ""optimizer_stats"": {}, ""result"": {""generator_statuses"": ""01010"", ""params"": [0.0, 0.9688723054926323, 0.0, 1.3594349665890992, 0.0, 0.0, 2.5792407999837767e-07, 0.0, 0.1759956963469567, 0.0, 1.0007251278453395, 1.0007163580701963, 0.9975919118221724, 1.0011686362332508, 1.0006989194040763, 0.0, 0.00011762778300457858, -0.006771694460116481, 0.0012252443676187233, -0.0002895783880381731], ""fun"": 4.69926860083215, ""violation"": 0, ""total"": 4.69926860083215, ""extra"": {}}}, {""time"": 1761.3219924373552, ""expectation_jobs"": null, ""fidelity_jobs"": null, ""optimizer_stats"": {}, ""result"": {""generator_statuses"": ""01010"", ""params"": [0.0, 0.9688723056736146, 0.0, 1.3594349664087177, 0.0, 0.0, 2.4509683757674564e-07, 0.0, 0.1759957091759042, 0.0, 1.0007251278433256, 1.0007163580649894, 0.9975919118324708, 1.0011686362147656, 1.0006989194143419, 0.0, 0.00011762778368498838, -0.006771694464227231, 0.0012252443733683082, -0.00028957839228232644], ""fun"": 4.699268600820978, ""violation"": 0, ""total"": 4.699268600820978, ""extra"": {}}}, {""time"": 1762.155439012684, ""expectation_jobs"": null, ""fidelity_jobs"": null, ""optimizer_stats"": {}, ""result"": {""generator_statuses"": ""01010"", ""params"": [0.0, 0.9688723057163972, 0.0, 1.3594349663661516, 0.0, 0.0, 2.3834126496365494e-07, 0.0, 0.17599571593209154, 0.0, 1.0007251278433347, 1.0007163580633143, 0.9975919118389839, 1.001168636206077, 1.0006989194208344, 0.0, 0.00011762778402998932, -0.006771694466326993, 0.001225244376326004, -0.00028957839446649985], ""fun"": 4.699268600818254, ""violation"": 0, ""total"": 4.699268600818254, ""extra"": {}}}]"
4,,,,,,,,,,,,,Timeout after 1800.0s,
5,,,,,,,,,,,,,Timeout after 1800.0s,
6,01110,"[0.0, 1.64771908548527, 0.7231001825499659, 0.7307532508574665, 0.0, 0.0, 0.02229601380444026, 0.0009749045546215946, 0.11067269601437463, 0.0, 1.0018995019659431, 1.0038786495441452, 0.9973464488012891, 0.9970268992413734, 1.0019316248680008, 0.0, 0.005320349814183724, -0.012634971149112698, -0.015616686442879195, 0.00023594140791263781]",6.172981523123261,0.0,,,,,,,,,Timeout after 1800.0s,"[{""time"": 469.03903384692967, ""expectation_jobs"": null, ""fidelity_jobs"": null, ""optimizer_stats"": {}, ""result"": {""generator_statuses"": ""01110"", ""params"": [0.0, 1.64771908548527, 0.7231001825499659, 0.7307532508574665, 0.0, 0.0, 0.02229601380444026, 0.0009749045546215946, 0.11067269601437463, 0.0, 1.0018995019659431, 1.0038786495441452, 0.9973464488012891, 0.9970268992413734, 1.0019316248680008, 0.0, 0.005320349814183724, -0.012634971149112698, -0.015616686442879195, 0.00023594140791263781], ""fun"": 6.172981523123261, ""violation"": 0, ""total"": 6.172981523123261, ""extra"": {}}}]"
7,,,,,,,,,,,,,Timeout after 1800.0s,
8,,,,,,,,,,,,,Timeout after 1800.0s,
9,,,,,,,,,,,,,Timeout after 1800.0s,
10,,,,,,,,,,,,,Timeout after 1800.0s,
11,,,,,,,,,,,,,Timeout after 1800.0s,
12,10011,"[1.5632376754273272, 0.0, 0.0, 2.990020870165702, 1.8806549963186354, 0.22273655032395315, 0.0, 0.0, 5.546791649606931e-10, 5.541217982349904e-10, 1.167091567525623, 1.166099529598833, 1.1702089318691127, 1.1679796655608568, 1.1681552115439, 0.0, -0.004818412943407094, 0.008825833392745957, 0.0018928861191373411, 0.002117563498211934]",21.56289874450508,0.0,,,,,,,,,Timeout after 1800.0s,"[{""time"": 0.07020106632262468, ""expectation_jobs"": null, ""fidelity_jobs"": null, ""optimizer_stats"": {}, ""result"": {""generator_statuses"": ""11000"", ""params"": [2.5729871529589814, 3.853808455011236, 0.0, 0.0, 0.0, 0.1440468111232836, 0.055183079277287266, 0.0, 0.0, 0.0, 1.1693594614335079, 1.168369403253177, 1.167464422695825, 1.1685803435871938, 1.167923204215448, 0.0, -0.004799724896740179, -0.00385618629544552, -0.0012413764344271897, -0.002286917873301484], ""fun"": 1000000000.0, ""violation"": 0, ""total"": 1000000000.0, ""extra"": {}}}, {""time"": 71.37156007345766, ""expectation_jobs"": null, ""fidelity_jobs"": null, ""optimizer_stats"": {}, ""result"": {""generator_statuses"": ""11101"", ""params"": [1.7971510520544844, 2.261158651934402, 0.09292925696785401, 0.0, 2.2736487318287883, 0.12859923817498667, 0.06354338353002395, 0.002762396658413429, 0.0, 5.333363265728992e-10, 1.167091567515555, 1.1660995295887564, 1.1675631104677355, 1.1671018164592644, 1.1668368793298538, 0.0, -0.004818412943490298, 0.002069280711904533, 0.00021906459416795956, -0.0002353563097060321], ""fun"": 25.77901535962023, ""violation"": 0, ""total"": 25.77901535962023, ""extra"": {}}}, {""time"": 71.4779160944745, ""expectation_jobs"": null, ""fidelity_jobs"": null, ""optimizer_stats"": {}, ""result"": {""generator_statuses"": ""11111"", ""params"": [1.5632376753532202, 2.09306277874444, 0.09292925696459417, 1.6920699664557513, 0.9842066986045943, 0.13042711067820734, 0.06383585745101525, 0.0026712763628747435, 5.407567876415931e-10, 5.407568016029967e-10, 1.1670915675280251, 1.1660995296012373, 1.1679775779692065, 1.167239687324516, 1.1670436626026852, 0.0, -0.00481841294338723, 0.0031187550676175283, 0.0004785520600366162, 0.00012946501919878465], ""fun"": 22.23830402649905, ""violation"": 0, ""total"": 22.23830402649905, ""extra"": {}}}, {""time"": 140.65971755515784, ""expectation_jobs"": null, ""fidelity_jobs"": null, ""optimizer_stats"": {}, ""result"": {""generator_statuses"": ""11011"", ""params"": [1.5632376753559918, 2.093062778746824, 0.0, 1.747144928221247, 1.0222450051054877, 0.13146658913427478, 0.06605678679658918, 0.0, 8.305112010549051e-10, 8.305116775475368e-10, 1.1670915675179223, 1.1660995295911256, 1.1680732048068612, 1.1672714787722192, 1.1670913583089493, 0.0, -0.004818412943470724, 0.0033613556509858424, 0.0005385626707889757, 0.00021383282372014394], ""fun"": 21.61716368025765, ""violation"": 0, ""total"": 21.61716368025765, ""extra"": {}}}, {""time"": 170.10554718319327, ""expectation_jobs"": null, ""fidelity_jobs"": null, ""optimizer_stats"": {}, ""result"": {""generator_statuses"": ""10011"", ""params"": [1.5632376754273272, 0.0, 0.0, 2.990020870165702, 1.8806549963186354, 0.22273655032395315, 0.0, 0.0, 5.546791649606931e-10, 5.541217982349904e-10, 1.167091567525623, 1.166099529598833, 1.1702089318691127, 1.1679796655608568, 1.1681552115439, 0.0, -0.004818412943407094, 0.008825833392745957, 0.0018928861191373411, 0.002117563498211934], ""fun"": 21.56289874450508, ""violation"": 0, ""total"": 21.56289874450508, ""extra"": {}}}]"
13,,,,,,,,,,,,,Timeout after 1800.0s,
14,,,,,,,,,,,,,Timeout after 1800.0s,
15,,,,,,,,,,,,,Timeout after 1800.0s,
16,,,,,,,,,,,,,Timeout after 1800.0s,
17,,,,,,,,,,,,,Timeout after 1800.0s,
18,,,,,,,,,,,,,Timeout after 1800.0s,
19,,,,,,,,,,,,,Timeout after 1800.0s,
20,,,,,,,,,,,,,Timeout after 1800.0s,
21,,,,,,,,,,,,,Timeout after 1800.0s,
22,,,,,,,,,,,,,Timeout after 1800.0s,
23,,,,,,,,,,,,,Timeout after 1800.0s,
24,,,,,,,,,,,,,Timeout after 1800.0s,
25,,,,,,,,,,,,,Timeout after 1800.0s,
26,01100,"[0.0, 2.4787344649434546, 1.6345311247517151, 0.0, 0.0, 0.0, 0.027234690713988017, 0.08390660748083992, 0.0, 0.0, 1.00115692818342, 1.0020265301872073, 0.9988603986934289, 0.9992047191724766, 1.0008166433128844, 0.0, 0.002576443873872835, -0.005747917773988259, -0.004871733936189415, -0.000890362507548427]",9.31744613523379,0.0,,,,,,,,,Timeout after 1800.0s,"[{""time"": 0.06773891486227512, ""expectation_jobs"": null, ""fidelity_jobs"": null, ""optimizer_stats"": {}, ""result"": {""generator_statuses"": ""01100"", ""params"": [0.0, 2.5557283523845244, 1.5577925136243593, 0.0, 0.0, 0.0, 0.07048953631706087, 0.04129499090311468, 0.0, 0.0, 1.0198273360336594, 1.0207383138794273, 1.017320789994552, 1.017712830348255, 1.0194932991657593, 0.0, 0.0025340476448410605, -0.005736542791077847, -0.004853058924986253, -0.0008580498335141693], ""fun"": 1000000000.0, ""violation"": 0, ""total"": 1000000000.0, ""extra"": {}}}, {""time"": 51.07867852598429, ""expectation_jobs"": null, ""fidelity_jobs"": null, ""optimizer_stats"": {}, ""result"": {""generator_statuses"": ""01111"", ""params"": [0.0, 1.5887136460418623, 1.400434201140822, 0.7155169468350971, 0.4048444188879302, 0.0, 0.01144281881766731, 0.026092019929482037, 0.02949251514786326, 0.03416436333825899, 1.0005437021291683, 1.0011504248268503, 0.9991268996481146, 0.9995879706168057, 1.000203208071267, 0.0, 0.0018294817870737543, -0.0034757818693925443, -0.002453894562949025, -0.0008914546080844146], ""fun"": 10.400377321521146, ""violation"": 0, ""total"": 10.400377321521146, ""extra"": {}}}, {""time"": 97.33254368975759, ""expectation_jobs"": null, ""fidelity_jobs"": null, ""optimizer_stats"": {}, ""result"": {""generator_statuses"": ""01100"", ""params"": [0.0, 2.4787344649434546, 1.6345311247517151, 0.0, 0.0, 0.0, 0.027234690713988017, 0.08390660748083992, 0.0, 0.0, 1.00115692818342, 1.0020265301872073, 0.9988603986934289, 0.9992047191724766, 1.0008166433128844, 0.0, 0.002576443873872835, -0.005747917773988259, -0.004871733936189415, -0.000890362507548427], ""fun"": 9.31744613523379, ""violation"": 0, ""total"": 9.31744613523379, ""extra"": {}}}]"
27,,,,,,,,,,,,,Timeout after 1800.0s,
28,,,,,,,,,,,,,Timeout after 1800.0s,
29,,,,,,,,,,,,,Timeout after 1800.0s,
30,11111,"[0.2370378825162188, 0.20739876529565293, 0.16926076385360445, 0.6797624766650068, 3.376005987495863, 0.010211873330555262, 0.011270023024276949, 0.00868777319820405, 0.037465719977538774, 0.2768195049698214, 1.0404407210460593, 1.0400868322051373, 1.0401515109226385, 1.040110267534651, 1.0428477141207544, 0.0, -8.419634592543919e-05, 4.782389139711509e-05, 3.179819367157678e-05, 0.005776436570144606]",22.851341874035395,0.0,,,,,,,,,Timeout after 1800.0s,"[{""time"": 457.0235637994483, ""expectation_jobs"": null, ""fidelity_jobs"": null, ""optimizer_stats"": {}, ""result"": {""generator_statuses"": ""10111"", ""params"": [0.2370378825165418, 0.0, 0.169260763853928, 0.6797624766653393, 3.5836467131098355, 0.010211873425172527, 0.0, 0.008687773292824092, 0.03746572007654938, 0.28871541037466075, 1.1047143241041484, 1.1040756881866458, 1.1041366162994104, 1.1040977650382517, 1.1071198608593993, 0.0, -0.0008486422637174343, -0.000731480939350547, -0.0007457030860334963, 0.005441251216164381], ""fun"": 23.07754030596582, ""violation"": 0, ""total"": 23.07754030596582, ""extra"": {}}}, {""time"": 772.9574598893523, ""expectation_jobs"": null, ""fidelity_jobs"": null, ""optimizer_stats"": {}, ""result"": {""generator_statuses"": ""11111"", ""params"": [0.23703788251620694, 0.2073987652956418, 0.1692607638535922, 0.6797624766649951, 3.3760059874961326, 0.010211873018292414, 0.011270022675974255, 0.008687772852198858, 0.03746571976612477, 0.2768195061881389, 1.040440721070279, 1.0400868322236156, 1.040151510941442, 1.04011026755297, 1.042847714147143, 0.0, -8.419634433200252e-05, 4.782389292938975e-05, 3.1798195278815595e-05, 0.00577643656915667], ""fun"": 22.851341874123193, ""violation"": 0, ""total"": 22.851341874123193, ""extra"": {}}}, {""time"": 880.5304164914414, ""expectation_jobs"": null, ""fidelity_jobs"": null, ""optimizer_stats"": {}, ""result"": {""generator_statuses"": ""11111"", ""params"": [0.23703788251621877, 0.20739876529565293, 0.16926076385360445, 0.6797624766650068, 3.3760059874958843, 0.010211873330077795, 0.011270023023834752, 0.008687773197672572, 0.037465719977291076, 0.27681950497154756, 1.040440721050537, 1.0400868322096077, 1.0401515109271093, 1.0401102675391212, 1.042847714125225, 0.0, -8.41963459224259e-05, 4.7823891398840605e-05, 3.1798193673555325e-05, 0.005776436570093995], ""fun"": 22.8513418740538, ""violation"": 0, ""total"": 22.8513418740538, ""extra"": {}}}, {""time"": 880.6049330886453, ""expectation_jobs"": null, ""fidelity_jobs"": null, ""optimizer_stats"": {}, ""result"": {""generator_statuses"": ""11111"", ""params"": [0.2370378825162188, 0.20739876529565293, 0.16926076385360445, 0.6797624766650068, 3.376005987495863, 0.010211873330555262, 0.011270023024276949, 0.00868777319820405, 0.037465719977538774, 0.2768195049698214, 1.0404407210460593, 1.0400868322051373, 1.0401515109226385, 1.040110267534651, 1.0428477141207544, 0.0, -8.419634592543919e-05, 4.782389139711509e-05, 3.179819367157678e-05, 0.005776436570144606], ""fun"": 22.851341874035395, ""violation"": 0, ""total"": 22.851341874035395, ""extra"": {}}}]"
31,,,,,,,,,,,,,Timeout after 1800.0s,
32,,,,,,,,,,,,,Timeout after 1800.0s,
33,,,,,,,,,,,,,Timeout after 1800.0s,
34,,,,,,,,,,,,,Timeout after 1800.0s,
35,,,,,,,,,,,,,Timeout after 1800.0s,
36,10111,"[0.7557274403996428, 0.0, 5.022816551782423, 0.5735406697797047, 0.15444352532401154, 0.00032619612241780095, 0.0, 0.1129212951448542, 0.006334884185850112, 0.0018582968290834767, 1.0002776600837664, 1.0000410753074824, 0.9999758207307199, 1.0000183691534974, 0.9998981981320739, 0.0, -0.0007103073226000676, -0.0008234534353874289, -0.0006468776277919, -0.0008994597575476071]",33.83121534084272,0.0,,,,,,,,,Timeout after 1800.0s,"[{""time"": 31.862063651904464, ""expectation_jobs"": null, ""fidelity_jobs"": null, ""optimizer_stats"": {}, ""result"": {""generator_statuses"": ""00100"", ""params"": [0.0, 0.0, 6.5066582763300085, 0.0, 0.0, 0.0, 0.0, 0.12178993351135321, 0.0, 0.0, 0.9999587771395905, 1.0003604354314117, 1.0002036797279876, 1.000003256333419, 0.999908075955623, 0.0, 0.0008919133967216738, 0.0005714337683746115, 6.89564538384888e-05, -6.740037406839563e-05], ""fun"": 46.23074985115224, ""violation"": 0, ""total"": 46.23074985115224, ""extra"": {}}}, {""time"": 539.0576880984008, ""expectation_jobs"": null, ""fidelity_jobs"": null, ""optimizer_stats"": {}, ""result"": {""generator_statuses"": ""10111"", ""params"": [0.7557274403996428, 0.0, 5.022816551782423, 0.5735406697797047, 0.15444352532401154, 0.00032619612241780095, 0.0, 0.1129212951448542, 0.006334884185850112, 0.0018582968290834767, 1.0002776600837664, 1.0000410753074824, 0.9999758207307199, 1.0000183691534974, 0.9998981981320739, 0.0, -0.0007103073226000676, -0.0008234534353874289, -0.0006468776277919, -0.0008994597575476071], ""fun"": 33.83121534084272, ""violation"": 0, ""total"": 33.83121534084272, ""extra"": {}}}]"
37,10101,"[0.5853791972116088, 0.0, 0.5482396587934779, 0.0, 0.20279589766196704, 0.021408623016333464, 0.0, 0.045801630419025144, 0.0, 0.008556884638607449, 1.000833408419704, 1.0007225000011093, 1.000538005124089, 0.9985843248875204, 0.9994647618108927, 0.0, -0.00043735742438339104, -0.0007605886761951443, -0.010828175720852082, -0.005890927185582919]",3.435802362697461,0.0,,,,,,,,,Timeout after 1800.0s,"[{""time"": 144.18595688603818, ""expectation_jobs"": null, ""fidelity_jobs"": null, ""optimizer_stats"": {}, ""result"": {""generator_statuses"": ""11010"", ""params"": [0.585379195224762, 0.45324782054675455, 0.0, 0.29763304091144266, 0.0, 0.040437782351688004, 0.034492685913199456, 0.0, 1.4628360608794395e-09, 0.0, 0.9904746543858862, 0.9902817423921654, 0.9901767139886171, 0.9882828662935019, 0.989172738239078, 0.0, -0.0005647940876909863, -0.0007206388269170157, -0.009957925133490864, -0.004917305916391998], ""fun"": 4.242377875030105, ""violation"": 0, ""total"": 4.242377875030105, ""extra"": {}}}, {""time"": 314.7341435663402, ""expectation_jobs"": null, ""fidelity_jobs"": null, ""optimizer_stats"": {}, ""result"": {""generator_statuses"": ""11001"", ""params"": [0.5853791971706486, 0.5835813803329847, 0.0, 0.0, 0.16752917184704375, 0.03312312631842303, 0.03449175668693776, 0.0, 0.0, 0.008556868779644046, 1.0008736437791788, 1.000751856978817, 1.0005564016538402, 0.9985387933173501, 0.999419271497081, 0.0, -0.0003818664267286752, -0.0007749966602435439, -0.01121686791005621, -0.006279169503753979], ""fun"": 3.8151820012375746, ""violation"": 0, ""total"": 3.8151820012375746, ""extra"": {}}}, {""time"": 330.56853584572673, ""expectation_jobs"": null, ""fidelity_jobs"": null, ""optimizer_stats"": {}, ""result"": {""generator_statuses"": ""10101"", ""params"": [0.5853791972116179, 0.0, 0.548233899772949, 0.0, 0.20280258837539564, 0.020216951428847562, 0.0, 0.04699887828461123, 0.0, 0.008556876668744065, 1.0002921088398422, 1.0001840002741698, 0.9999978141212453, 0.9980430327898119, 0.998923960433825, 0.0, -0.00043872483116668835, -0.0007617295249266832, -0.010840147445753267, -0.005897546736384834], ""fun"": 3.4358169683416566, ""violation"": 0, ""total"": 3.4358169683416566, ""extra"": {}}}, {""time"": 350.3664216483012, ""expectation_jobs"": null, ""fidelity_jobs"": null, ""optimizer_stats"": {}, ""result"": {""generator_statuses"": ""10101"", ""params"": [0.58537919721162, 0.0, 0.5482339394825655, 0.0, 0.20280254223226368, 0.020225637161761397, 0.0, 0.04699014196369836, 0.0, 0.008556888831432866, 1.0002958392471333, 1.0001877102257677, 1.0000015363865542, 0.9980467627752786, 0.9989276870358936, 0.0, -0.00043871504170681606, -0.0007617215312374502, -0.010840064779959602, -0.00589750098160992], ""fun"": 3.4358167677416884, ""violation"": 0, ""total"": 3.4358167677416884, ""extra"": {}}}, {""time"": 375.20166951511055, ""expectation_jobs"": null, ""fidelity_jobs"": null, ""optimizer_stats"": {}, ""result"": {""generator_statuses"": ""10101"", ""params"": [0.585379197211619, 0.0, 0.5482396588103995, 0.0, 0.2027958976887788, 0.021401609805521735, 0.0, 0.04580864360020105, 0.0, 0.008556884747025238, 1.0008334005833321, 1.000722508957082, 1.0005380047524106, 0.9985843245162755, 0.9994647614399842, 0.0, -0.0004373626256320503, -0.0007605905785536317, -0.010828177630593575, -0.0058909290916565925], ""fun"": 3.4358023627783516, ""violation"": 0, ""total"": 3.4358023627783516, ""extra"": {}}}, {""time"": 375.423987605609, ""expectation_jobs"": null, ""fidelity_jobs"": null, ""optimizer_stats"": {}, ""result"": {""generator_statuses"": ""10101"", ""params"": [0.5853791972116181, 0.0, 0.548239658806274, 0.0, 0.202795897682398, 0.02140329148603073, 0.0, 0.04580696191614878, 0.0, 0.008556884731628717, 1.0008334024623546, 1.0007225068094956, 1.000538004841498, 0.9985843246053712, 0.9994647615289991, 0.0, -0.00043736137843262984, -0.000760590122394574, -0.010828177172681256, -0.005890928634624498], ""fun"": 3.4358023627589005, ""violation"": 0, ""total"": 3.4358023627589005, ""extra"": {}}}, {""time"": 807.5514019308612, ""expectation_jobs"": null, ""fidelity_jobs"": null, ""optimizer_stats"": {}, ""result"": {""generator_statuses"": ""10101"", ""params"": [0.5853791972116162, 0.0, 0.5482396588055157, 0.0, 0.20279589768079923, 0.021403665230372133, 0.0, 0.04580658818545316, 0.0, 0.008556884713183438, 1.0008334028800143, 1.0007225063322822, 1.0005380048613464, 0.9985843246250623, 0.9994647615486723, 0.0, -0.0004373611012558418, -0.0007605900210117406, -0.010828177070885745, -0.00589092853302355], ""fun"": 3.4358023627545453, ""violation"": 0, ""total"": 3.4358023627545453, ""extra"": {}}}, {""time"": 808.6442112606019, ""expectation_jobs"": null, ""fidelity_jobs"": null, ""optimizer_stats"": {}, ""result"": {""generator_statuses"": ""10101"", ""params"": [0.5853791972116177, 0.0, 0.5482396587991842, 0.0, 0.20279589767122058, 0.021406172100282353, 0.0, 0.04580408129159537, 0.0, 0.008556884708454624, 1.0008334056809713, 1.000722503130776, 1.0005380049940682, 0.9985843247579901, 0.9994647616814796, 0.0, -0.00043735924205570736, -0.0007605893410232622, -0.01082817638831515, -0.0058909278517662285], ""fun"": 3.43580236272518, ""violation"": 0, ""total"": 3.43580236272518, ""extra"": {}}}, {""time"": 809.7198098730296, ""expectation_jobs"": null, ""fidelity_jobs"": null, ""optimizer_stats"": {}, ""result"": {""generator_statuses"": ""10101"", ""params"": [0.5853791972116156, 0.0, 0.5482396587956833, 0.0, 0.20279589766572864, 0.021407625187585426, 0.0, 0.045802628210847185, 0.0, 0.008556884686154993, 1.0008334073046206, 1.0007225012751715, 1.0005380050710866, 0.99858432483492, 0.99946476175834, 0.0, -0.0004373581643942072, -0.000760588946868303, -0.01082817599262989, -0.005890927456841025], ""fun"": 3.4358023627085337, ""violation"": 0, ""total"": 3.4358023627085337, ""extra"": {}}}, {""time"": 809.8159140869975, ""expectation_jobs"": null, ""fidelity_jobs"": null, ""optimizer_stats"": {}, ""result"": {""generator_statuses"": ""10101"", ""params"": [0.5853791972116091, 0.0, 0.5482396587943837, 0.0, 0.2027958976633486, 0.021408252262571446, 0.0, 0.04580200117362671, 0.0, 0.008556884642128802, 1.0008334080054488, 1.0007225004745857, 1.0005380051044543, 0.9985843248678847, 0.9994647617912749, 0.0, -0.0004373576993486821, -0.0007605887767628324, -0.010828175821806533, -0.005890927286343385], ""fun"": 3.4358023627017036, ""violation"": 0, ""total"": 3.4358023627017036, ""extra"": {}}}, {""time"": 809.9964258093387, ""expectation_jobs"": null, ""fidelity_jobs"": null, ""optimizer_stats"": {}, ""result"": {""generator_statuses"": ""10101"", ""params"": [0.5853791972116092, 0.0, 0.5482396587943048, 0.0, 0.2027958976633403, 0.021408251253981898, 0.0, 0.04580200218111077, 0.0, 0.008556884642993952, 1.0008334080043155, 1.0007225004758658, 1.0005380051043948, 0.9985843248678345, 0.9994647617912245, 0.0, -0.0004373577000962452, -0.0007605887770366198, -0.01082817582208306, -0.005890927286619376], ""fun"": 3.435802362701553, ""violation"": 0, ""total"": 3.435802362701553, ""extra"": {}}}, {""time"": 818.9680136349052, ""expectation_jobs"": null, ""fidelity_jobs"": null, ""optimizer_stats"": {}, ""result"": {""generator_statuses"": ""10101"", ""params"": [0.5853791972116088, 0.0, 0.5482396587934779, 0.0, 0.20279589766196704, 0.021408623016333464, 0.0, 0.045801630419025144, 0.0, 0.008556884638607449, 1.000833408419704, 1.0007225000011093, 1.000538005124089, 0.9985843248875204, 0.9994647618108927, 0.0, -0.00043735742438339104, -0.0007605886761951443, -0.010828175720852082, -0.005890927185582919], ""fun"": 3.435802362697461, ""violation"": 0, ""total"": 3.435802362697461, ""extra"": {}}}]"
38,,,,,,,,,,,,,Timeout after 1800.0s,
39,11100,"[0.2484428052551508, 0.7498629940741849, 1.3617398140464136, 0.0, 0.0, 0.0010044582484923725, 0.051771850539766, 0.01753189401954213, 0.0, 0.0, 1.000962290914938, 1.0009824610105187, 1.0007702975670125, 1.0007316751030826, 0.9970264680079944, 0.0, 0.00013810993209492742, -0.0007169908731941172, -0.0009918751941471132, -0.009417028538082755]",7.104553395834561,0.0,,,,,,,,,Timeout after 1800.0s,"[{""time"": 1624.585073346272, ""expectation_jobs"": null, ""fidelity_jobs"": null, ""optimizer_stats"": {}, ""result"": {""generator_statuses"": ""11100"", ""params"": [0.2484428052551508, 0.7498629940741849, 1.3617398140464136, 0.0, 0.0, 0.0010044582484923725, 0.051771850539766, 0.01753189401954213, 0.0, 0.0, 1.000962290914938, 1.0009824610105187, 1.0007702975670125, 1.0007316751030826, 0.9970264680079944, 0.0, 0.00013810993209492742, -0.0007169908731941172, -0.0009918751941471132, -0.009417028538082755], ""fun"": 7.104553395834561, ""violation"": 0, ""total"": 7.104553395834561, ""extra"": {}}}]"
40,,,,,,,,,,,,,Timeout after 1800.0s,
41,,,,,,,,,,,,,Timeout after 1800.0s,
42,,,,,,,,,,,,,Timeout after 1800.0s,
43,00010,"[0.0, 0.0, 0.0, 1.8386227693263397, 0.0, 0.0, 0.0, 0.0, 0.09023384501071234, 0.0, 1.000043105128537, 0.9998567705838435, 0.9997982345291827, 0.9998542724247972, 1.0007618810367145, 0.0, -0.0007287727746501186, -0.0011408352882161963, -0.0005013605453429207, 0.0017992894078881843]",3.5182151435057203,0.0,,,,,,,,,Timeout after 1800.0s,"[{""time"": 160.28581901825964, ""expectation_jobs"": null, ""fidelity_jobs"": null, ""optimizer_stats"": {}, ""result"": {""generator_statuses"": ""00001"", ""params"": [0.0, 0.0, 0.0, 0.0, 1.8386226741294052, 0.0, 0.0, 0.0, 0.0, 0.09023354120203227, 1.000079636473285, 0.9998933088114925, 0.9998347749158796, 0.9998908107384223, 1.0007983859634544, 0.0, -0.0007287195270331056, -0.0011407519265991277, -0.000501323916158742, 0.0017991580604917042], ""fun"": 4.553248904952382, ""violation"": 0, ""total"": 4.553248904952382, ""extra"": {}}}, {""time"": 314.405650655739, ""expectation_jobs"": null, ""fidelity_jobs"": null, ""optimizer_stats"": {}, ""result"": {""generator_statuses"": ""00001"", ""params"": [0.0, 0.0, 0.0, 0.0, 1.8386226741284455, 0.0, 0.0, 0.0, 0.0, 0.09023354119891874, 1.0000796368774725, 0.9998933092157566, 0.9998347753201674, 0.9998908111426872, 1.0007983863673497, 0.0, -0.0007287195264441527, -0.0011407519256769194, -0.0005013239157535839, 0.001799158059038505], ""fun"": 4.553248904951185, ""violation"": 0, ""total"": 4.553248904951185, ""extra"": {}}}, {""time"": 778.7125262236223, ""expectation_jobs"": null, ""fidelity_jobs"": null, ""optimizer_stats"": {}, ""result"": {""generator_statuses"": ""00001"", ""params"": [0.0, 0.0, 0.0, 0.0, 1.8386226741273135, 0.0, 0.0, 0.0, 0.0, 0.09023354119507088, 1.0000796373515388, 0.9998933096899117, 0.9998347757943508, 0.9998908116168436, 1.0007983868410733, 0.0, -0.0007287195257530548, -0.0011407519245951307, -0.0005013239152782023, 0.0017991580573342146], ""fun"": 4.5532489049509, ""violation"": 0, ""total"": 4.5532489049509, ""extra"": {}}}, {""time"": 911.1250785989687, ""expectation_jobs"": null, ""fidelity_jobs"": null, ""optimizer_stats"": {}, ""result"": {""generator_statuses"": ""00110"", ""params"": [0.0, 0.0, 0.4739001237635089, 1.3640306795989026, 0.0, 0.0, 0.0, 0.0030114879742584155, 0.08515053453317575, 0.0, 1.0559274228353581, 1.0558804606134689, 1.0558384783755999, 1.0559614836794466, 1.0565486002569007, 0.0, -0.0001940935724980958, -0.0006074952682372311, 0.00015776902314570363, 0.001492287418210379], ""fun"": 3.8245509544321212, ""violation"": 0, ""total"": 3.8245509544321212, ""extra"": {}}}, {""time"": 1025.9282921636477, ""expectation_jobs"": null, ""fidelity_jobs"": null, ""optimizer_stats"": {}, ""result"": {""generator_statuses"": ""00110"", ""params"": [0.0, 0.0, 0.4740725490726907, 1.3639939034006592, 0.0, 0.0, 0.0, 0.0030113737316546955, 0.08561396679776677, 0.0, 0.9550345415899577, 0.9549826293581497, 0.9549361430380651, 0.9550722683845693, 0.9557216565256241, 0.0, -0.0002370606045700541, -0.0007424426547519776, 0.00019314064633700753, 0.001823937795660398], ""fun"": 3.7684249009270983, ""violation"": 0, ""total"": 3.7684249009270983, ""extra"": {}}}, {""time"": 1293.271104933694, ""expectation_jobs"": null, ""fidelity_jobs"": null, ""optimizer_stats"": {}, ""result"": {""generator_statuses"": ""00010"", ""params"": [0.0, 0.0, 0.0, 1.8386227693263397, 0.0, 0.0, 0.0, 0.0, 0.09023384501071234, 0.0, 1.000043105128537, 0.9998567705838435, 0.9997982345291827, 0.9998542724247972, 1.0007618810367145, 0.0, -0.0007287727746501186, -0.0011408352882161963, -0.0005013605453429207, 0.0017992894078881843], ""fun"": 3.5182151435057203, ""violation"": 0, ""total"": 3.5182151435057203, ""extra"": {}}}]"
44,,,,,,,,,,,,,Timeout after 1800.0s,
45,,,,,,,,,,,,,Timeout after 1800.0s,
46,,,,,,,,,,,,,Timeout after 1800.0s,
47,11011,"[1.415226023460314, 0.642653637330878, 0.0, 1.0565012142691452, 0.45163881603890615, 0.03106805121842991, 0.04093073025310298, 0.0, 0.05502790498638846, 0.01610565261881909, 1.0001761071963402, 0.9991609443984543, 1.000265168510255, 1.0001924154075867, 1.0003755079168672, 0.0, -0.007615484099206971, 0.00024176879893039567, 1.9022588031820724e-05, 0.0008450280482362139]",8.119435753739587,0.0,,,,,,,,,Timeout after 1800.0s,"[{""time"": 30.30483445059508, ""expectation_jobs"": null, ""fidelity_jobs"": null, ""optimizer_stats"": {}, ""result"": {""generator_statuses"": ""11111"", ""params"": [1.3454596779154888, 0.6234276148628631, 0.584965586362841, 0.663616146375781, 0.34870586306377904, 0.031068045052496055, 0.040930724040499786, 0.00475045085819904, 0.05174688222096321, 0.015861163190040696, 1.0002232045924426, 0.9989580753882655, 1.0003222209124218, 1.0002484590435825, 1.000369757226117, 0.0, -0.009492071252120314, 0.00033535182781381317, 9.108161039509243e-05, 0.00043844008131339044], ""fun"": 8.417413803213204, ""violation"": 0, ""total"": 8.417413803213204, ""extra"": {}}}, {""time"": 30.33360030502081, ""expectation_jobs"": null, ""fidelity_jobs"": null, ""optimizer_stats"": {}, ""result"": {""generator_statuses"": ""11111"", ""params"": [1.3454596779145933, 0.6234276148460958, 0.5849655863665042, 0.6636161464013738, 0.3487058630820957, 0.031068047328350876, 0.0409307263163512, 0.00474660881182209, 0.05175068946853299, 0.015861193688878263, 1.0002232037250733, 0.9989580772725911, 1.000322219429652, 1.0002484577023458, 1.0003697590326095, 0.0, -0.009492071548807893, 0.00033535188880174125, 9.108166529558443e-05, 0.0004384397576267032], ""fun"": 8.417413803210778, ""violation"": 0, ""total"": 8.417413803210778, ""extra"": {}}}, {""time"": 34.10130959376693, ""expectation_jobs"": null, ""fidelity_jobs"": null, ""optimizer_stats"": {}, ""result"": {""generator_statuses"": ""11011"", ""params"": [1.4152260234702858, 0.6426536373283085, 0.0, 1.056501214264481, 0.45163881603582984, 0.03106799560880917, 0.040930672677522, 0.0, 0.054349114761103816, 0.01678455602640636, 1.0001761075705093, 0.9991609429056408, 1.000265168884391, 1.00019241578175, 1.0003755082909618, 0.0, -0.00761548387616708, 0.00024176879874948976, 1.902258801760013e-05, 0.0008450280476040339], ""fun"": 8.119435753777733, ""violation"": 0, ""total"": 8.119435753777733, ""extra"": {}}}, {""time"": 34.15499159600586, ""expectation_jobs"": null, ""fidelity_jobs"": null, ""optimizer_stats"": {}, ""result"": {""generator_statuses"": ""11011"", ""params"": [1.4152260234657585, 0.6426536373296027, 0.0, 1.0565012142667427, 0.4516388160373779, 0.031068048652909203, 0.04093072767478469, 0.0, 0.054962321270606594, 0.016171241480637918, 1.0001761072135056, 0.9991609443307554, 1.0002651685274189, 1.000192415424752, 1.0003755079340295, 0.0, -0.007615484089002895, 0.0002417687989220935, 1.9022588031172473e-05, 0.0008450280482071933], ""fun"": 8.119435753747727, ""violation"": 0, ""total"": 8.119435753747727, ""extra"": {}}}, {""time"": 38.53717654105276, ""expectation_jobs"": null, ""fidelity_jobs"": null, ""optimizer_stats"": {}, ""result"": {""generator_statuses"": ""11011"", ""params"": [1.415226023460314, 0.642653637330878, 0.0, 1.0565012142691452, 0.45163881603890615, 0.03106805121842991, 0.04093073025310298, 0.0, 0.05502790498638846, 0.01610565261881909, 1.0001761071963402, 0.9991609443984543, 1.000265168510255, 1.0001924154075867, 1.0003755079168672, 0.0, -0.007615484099206971, 0.00024176879893039567, 1.9022588031820724e-05, 0.0008450280482362139], ""fun"": 8.119435753739587, ""violation"": 0, ""total"": 8.119435753739587, ""extra"": {}}}]"
48,10100,"[1.6680692394486252, 0.0, 3.0377185765896604, 0.0, 0.0, 0.10279960785373657, 0.0, 0.16168639367378324, 0.0, 0.0, 0.9994136289593293, 1.0024159169298725, 1.0029337543103722, 0.9987403653403115, 0.9991237974540887, 0.0, 0.00921175735252762, 0.01077936799566023, -0.0037300097402442147, -0.0004401499176466043]",12.341778339267545,0.0,,,,,,,,,Timeout after 1800.0s,"[{""time"": 17.704039474017918, ""expectation_jobs"": null, ""fidelity_jobs"": null, ""optimizer_stats"": {}, ""result"": {""generator_statuses"": ""10100"", ""params"": [1.6680692394486252, 0.0, 3.0377185765896604, 0.0, 0.0, 0.10279960785373657, 0.0, 0.16168639367378324, 0.0, 0.0, 0.9994136289593293, 1.0024159169298725, 1.0029337543103722, 0.9987403653403115, 0.9991237974540887, 0.0, 0.00921175735252762, 0.01077936799566023, -0.0037300097402442147, -0.0004401499176466043], ""fun"": 12.341778339267545, ""violation"": 0, ""total"": 12.341778339267545, ""extra"": {}}}]"
49,,,,,,,,,,,,,Timeout after 1800.0s,
50,,,,,,,,,,,,,Timeout after 1800.0s,
51,,,,,,,,,,,,,Timeout after 1800.0s,
52,,,,,,,,,,,,,Timeout after 1800.0s,
53,,,,,,,,,,,,,Timeout after 1800.0s,
54,00110,"[0.0, 0.0, 1.7111914379533655, 1.4717819875919076, 0.0, 0.0, 0.0, 0.14507463162158096, 0.01926571805743588, 0.0, 0.9981328354089324, 1.00165780946413, 1.0029358148837368, 0.999501535088527, 0.9992361558153176, 0.0, 0.009367008242074799, 0.013046500303605754, 0.005037658644529964, 0.003349859098097246]",6.767076779200727,0.0,,,,,,,,,Timeout after 1800.0s,"[{""time"": 15.68474411405623, ""expectation_jobs"": null, ""fidelity_jobs"": null, ""optimizer_stats"": {}, ""result"": {""generator_statuses"": ""00100"", ""params"": [0.0, 0.0, 3.180720629821119, 0.0, 0.0, 0.0, 0.0, 0.1577165352244523, 0.0, 0.0, 1.1595185364715015, 1.16254801719992, 1.163642611518959, 1.1606943426327097, 1.1604670440951403, 0.0, 0.006946968958039005, 0.009679083384421529, 0.0037345976503765687, 0.0024829738713929793], ""fun"": 10.647393142033708, ""violation"": 0, ""total"": 10.647393142033708, ""extra"": {}}}, {""time"": 461.42878451664, ""expectation_jobs"": null, ""fidelity_jobs"": null, ""optimizer_stats"": {}, ""result"": {""generator_statuses"": ""00110"", ""params"": [0.0, 0.0, 1.7111914379624982, 1.4718336371289789, 0.0, 0.0, 0.0, 0.14552254361865183, 0.018969671266717683, 0.0, 0.9951807670436015, 0.9987163275877758, 0.9999982716207881, 0.9965535907232423, 0.9962873936726798, 0.0, 0.009422476693037089, 0.013123656318636077, 0.0050675381195288164, 0.0033697402324344324], ""fun"": 6.767510979803206, ""violation"": 0, ""total"": 6.767510979803206, ""extra"": {}}}, {""time"": 484.078531765379, ""expectation_jobs"": null, ""fidelity_jobs"": null, ""optimizer_stats"": {}, ""result"": {""generator_statuses"": ""00110"", ""params"": [0.0, 0.0, 1.7111914379626312, 1.4718335786547148, 0.0, 0.0, 0.0, 0.14800951574655355, 0.01648252720728574, 0.0, 0.9951840944223348, 0.9987196429981064, 1.0000015825778856, 0.9965569134395794, 0.9962907173136459, 0.0, 0.009422413895853937, 0.013123568969114171, 0.005067504291925621, 0.0033697177242210325], ""fun"": 6.767510001554679, ""violation"": 0, ""total"": 6.767510001554679, ""extra"": {}}}, {""time"": 484.2143317591399, ""expectation_jobs"": null, ""fidelity_jobs"": null, ""optimizer_stats"": {}, ""result"": {""generator_statuses"": ""00110"", ""params"": [0.0, 0.0, 1.711191437953556, 1.471781987591753, 0.0, 0.0, 0.0, 0.14517106052508919, 0.01916928915404209, 0.0, 0.9981328354086468, 1.0016578094638462, 1.0029358148834537, 0.9995015350882422, 0.9992361558150327, 0.0, 0.009367008242080064, 0.013046500303613089, 0.005037658644532816, 0.003349859098099061], ""fun"": 6.767076779200907, ""violation"": 0, ""total"": 6.767076779200907, ""extra"": {}}}, {""time"": 1598.9452127739787, ""expectation_jobs"": null, ""fidelity_jobs"": null, ""optimizer_stats"": {}, ""result"": {""generator_statuses"": ""00110"", ""params"": [0.0, 0.0, 1.7111914379533655, 1.4717819875919076, 0.0, 0.0, 0.0, 0.14507463162158096, 0.01926571805743588, 0.0, 0.9981328354089324, 1.00165780946413, 1.0029358148837368, 0.999501535088527, 0.9992361558153176, 0.0, 0.009367008242074799, 0.013046500303605754, 0.005037658644529964, 0.003349859098097246], ""fun"": 6.767076779200727, ""violation"": 0, ""total"": 6.767076779200727, ""extra"": {}}}]"
55,,,,,,,,,,,,,Timeout after 1800.0s,
56,,,,,,,,,,,,,Timeout after 1800.0s,
57,,,,,,,,,,,,,Timeout after 1800.0s,
58,,,,,,,,,,,,,Timeout after 1800.0s,
59,,,,,,,,,,,,,Timeout after 1800.0s,
60,,,,,,,,,,,,,Timeout after 1800.0s,
61,,,,,,,,,,,,,Timeout after 1800.0s,
62,,,,,,,,,,,,,Timeout after 1800.0s,
63,,,,,,,,,,,,,Timeout after 1800.0s,
64,01101,"[0.0, 0.678224920349167, 0.32649293675332053, 0.0, 0.5666200610679074, 0.0, 0.049027159552937204, 0.016194882089007937, 0.0, 0.040675298551493266, 0.9998179112126292, 1.0000360532116102, 1.0000585741089862, 1.0000321023158216, 1.000058798411011, 0.0, 0.0004079136687040159, 0.00046324571097549927, 0.00036057026934242255, 0.0004749375197389044]",3.6900524628611078,0.0,,,,,,,,,Timeout after 1800.0s,"[{""time"": 1270.686353779398, ""expectation_jobs"": null, ""fidelity_jobs"": null, ""optimizer_stats"": {}, ""result"": {""generator_statuses"": ""01101"", ""params"": [0.0, 0.6782249203398119, 0.3264929367465929, 0.0, 0.5666200610852917, 0.0, 0.049026851108907935, 0.016195213091305435, 0.0, 0.0406752760013727, 0.9998179113198221, 1.0000360530461514, 1.0000585746480208, 1.0000321020772018, 1.0000587981689986, 0.0, 0.00040791372701865603, 0.00046324563731438176, 0.00036057035477934983, 0.0004749376061302919], ""fun"": 3.6900524628633065, ""violation"": 0, ""total"": 3.6900524628633065, ""extra"": {}}}, {""time"": 1271.2835513716564, ""expectation_jobs"": null, ""fidelity_jobs"": null, ""optimizer_stats"": {}, ""result"": {""generator_statuses"": ""01101"", ""params"": [0.0, 0.678224920349167, 0.32649293675332053, 0.0, 0.5666200610679074, 0.0, 0.049027159552937204, 0.016194882089007937, 0.0, 0.040675298551493266, 0.9998179112126292, 1.0000360532116102, 1.0000585741089862, 1.0000321023158216, 1.000058798411011, 0.0, 0.0004079136687040159, 0.00046324571097549927, 0.00036057026934242255, 0.0004749375197389044], ""fun"": 3.6900524628611078, ""violation"": 0, ""total"": 3.6900524628611078, ""extra"": {}}}]"
65,,,,,,,,,,,,,Timeout after 1800.0s,
66,,,,,,,,,,,,,Timeout after 1800.0s,
67,10010,"[0.27689369081613524, 0.0, 0.0, 1.3588230660387215, 0.0, 0.013149439790522495, 0.0, 0.0, 0.014310212352414753, 0.0, 1.000114451338318, 0.9999434338328903, 0.9988756214041284, 1.001217852457246, 1.0001194909440152, 0.0, -0.00039893800283437834, -0.0029321523980477032, 0.0041166711647263364, 0.0003108380008386031]",4.692265563252648,0.0,,,,,,,,,Timeout after 1800.0s,"[{""time"": 353.77812062669545, ""expectation_jobs"": null, ""fidelity_jobs"": null, ""optimizer_stats"": {}, ""result"": {""generator_statuses"": ""00010"", ""params"": [0.0, 0.0, 0.0, 1.6364918840802336, 0.0, 0.0, 0.0, 0.0, 0.030265110247788902, 0.0, 1.0002390180168608, 0.999995446912274, 0.9989276904772926, 1.0016307403441784, 1.0002684627689578, 0.0, -0.0005499546655872947, -0.003082905262505655, 0.005028868645095893, 0.0004309007669618564], ""fun"": 4.7899400897034115, ""violation"": 0, ""total"": 4.7899400897034115, ""extra"": {}}}, {""time"": 1854.7803527573124, ""expectation_jobs"": null, ""fidelity_jobs"": null, ""optimizer_stats"": {}, ""result"": {""generator_statuses"": ""10010"", ""params"": [0.27689369081613524, 0.0, 0.0, 1.3588230660387215, 0.0, 0.013149439790522495, 0.0, 0.0, 0.014310212352414753, 0.0, 1.000114451338318, 0.9999434338328903, 0.9988756214041284, 1.001217852457246, 1.0001194909440152, 0.0, -0.00039893800283437834, -0.0029321523980477032, 0.0041166711647263364, 0.0003108380008386031], ""fun"": 4.692265563252648, ""violation"": 0, ""total"": 4.692265563252648, ""extra"": {}}}]"
68,,,,,,,,,,,,,Timeout after 1800.0s,
69,,,,,,,,,,,,,Timeout after 1800.0s,
70,,,,,,,,,,,,,Timeout after 1800.0s,
71,,,,,,,,,,,,,Timeout after 1800.0s,
72,11011,"[0.9553714051489092, 0.35734400652651827, 0.0, 1.1152707798910977, 1.1727695702386456, 0.05619610114511287, 0.007973195021195575, 0.0, 0.0710045980365165, 0.0641473486834471, 1.0010918345428466, 1.0011002051825895, 1.0022813605167955, 1.0010517963236845, 0.9970262842269701, 0.0, 3.6966966085974414e-05, 0.0034705511340811586, -0.0001273695769515079, -0.010279946163431135]",7.876622570779619,0.0,,,,,,,,,Timeout after 1800.0s,"[{""time"": 0.09102267306298018, ""expectation_jobs"": null, ""fidelity_jobs"": null, ""optimizer_stats"": {}, ""result"": {""generator_statuses"": ""00111"", ""params"": [0.0, 0.0, 0.3962586078164365, 1.5807149459785048, 1.6265142560794226, 0.0, 0.0, 0.012202799518319478, 0.10637608073707608, 0.09064364699476443, 1.009822740979558, 1.0093715919554673, 1.0118082972492901, 1.0099951336459747, 1.0059226139000044, 0.0, -0.0020653318561071276, 0.005297814043822726, 0.0002661380565465884, -0.010245799199016012], ""fun"": 1000000000.0, ""violation"": 0, ""total"": 1000000000.0, ""extra"": {}}}, {""time"": 0.7824548184871674, ""expectation_jobs"": null, ""fidelity_jobs"": null, ""optimizer_stats"": {}, ""result"": {""generator_statuses"": ""11111"", ""params"": [0.6672588995112884, 0.35734400650245574, 0.5496505308297279, 0.9923666276735018, 1.0348245493704291, 0.05619607990986308, 0.005601169560462842, 0.009757686682043779, 0.06799644193409765, 0.062145393436320244, 1.0008876075577295, 1.0007949242434562, 1.0022867312889527, 1.0009046280123535, 0.9968629684684276, 0.0, -0.0006140040943912419, 0.004064083822543641, -3.856600852787749e-06, -0.010325659752863115], ""fun"": 8.696304430312667, ""violation"": 0, ""total"": 8.696304430312667, ""extra"": {}}}, {""time"": 407.42923236452043, ""expectation_jobs"": null, ""fidelity_jobs"": null, ""optimizer_stats"": {}, ""result"": {""generator_statuses"": ""11011"", ""params"": [0.9553714051489092, 0.35734400652651827, 0.0, 1.1152707798910977, 1.1727695702386456, 0.05619610114511287, 0.007973195021195575, 0.0, 0.0710045980365165, 0.0641473486834471, 1.0010918345428466, 1.0011002051825895, 1.0022813605167955, 1.0010517963236845, 0.9970262842269701, 0.0, 3.6966966085974414e-05, 0.0034705511340811586, -0.0001273695769515079, -0.010279946163431135], ""fun"": 7.876622570779619, ""violation"": 0, ""total"": 7.876622570779619, ""extra"": {}}}]"
73,10011,"[1.3164078250859557, 0.0, 0.0, 1.0716616256149119, 1.0723295440661402, 0.12637027669210285, 0.0, 0.0, 0.01722086296392073, 0.026773175186069587, 1.0004574208210841, 0.9991547166676001, 0.9999838757603708, 1.0004173223695676, 1.0003818995711167, 0.0, -0.0026803483473469333, -0.0009685021240105621, 0.0002020912203923407, 0.00038525628953914976]",8.153755255752971,0.0,,,,,,,,,Timeout after 1800.0s,"[{""time"": 203.98295352607965, ""expectation_jobs"": null, ""fidelity_jobs"": null, ""optimizer_stats"": {}, ""result"": {""generator_statuses"": ""11000"", ""params"": [1.8648535356427622, 1.5942924947072523, 0.0, 0.0, 0.0, 0.07889907948004417, 0.08895437194612066, 0.0, 0.0, 0.0, 1.000503869469183, 1.0001983290243504, 0.9997794785386135, 0.99990252557772, 0.9999174669169587, 0.0, -0.0009726557751059416, -0.0020536334865475696, -0.0018171320335252405, -0.001871445604755163], ""fun"": 9.626790089867752, ""violation"": 0, ""total"": 9.626790089867752, ""extra"": {}}}, {""time"": 1323.2085313703865, ""expectation_jobs"": null, ""fidelity_jobs"": null, ""optimizer_stats"": {}, ""result"": {""generator_statuses"": ""10011"", ""params"": [1.3164078250859557, 0.0, 0.0, 1.0716616256149119, 1.0723295440661402, 0.12637027669210285, 0.0, 0.0, 0.01722086296392073, 0.026773175186069587, 1.0004574208210841, 0.9991547166676001, 0.9999838757603708, 1.0004173223695676, 1.0003818995711167, 0.0, -0.0026803483473469333, -0.0009685021240105621, 0.0002020912203923407, 0.00038525628953914976], ""fun"": 8.153755255752971, ""violation"": 0, ""total"": 8.153755255752971, ""extra"": {}}}]"
74,,,,,,,,,,,,,Timeout after 1800.0s,
75,,,,,,,,,,,,,Timeout after 1800.0s,
76,,,,,,,,,,,,,Timeout after 1800.0s,
77,10000,"[1.3694490209076273, 0.0, 0.0, 0.0, 0.0, 0.0455660298352914, 0.0, 0.0, 0.0, 0.0, 1.000634116729484, 0.9987383988841884, 1.000318851991447, 1.0002256485828793, 1.0002142555405145, 0.0, -0.007162454878567178, -0.0012355978271525502, -0.0014163135767084859, -0.0014452673879693813]",2.4110681873648168,0.0,,,,,,,,,Timeout after 1800.0s,"[{""time"": 0.12022683210670948, ""expectation_jobs"": null, ""fidelity_jobs"": null, ""optimizer_stats"": {}, ""result"": {""generator_statuses"": ""10000"", ""params"": [1.3694468069746923, 0.0, 0.0, 0.0, 0.0, 0.04555723109320017, 0.0, 0.0, 0.0, 0.0, 1.0018115660658544, 0.9999181308764818, 1.0014966797067928, 1.0014035871596454, 1.001392207827546, 0.0, -0.007145595591123382, -0.0012326939506125249, -0.001412985048509017, -0.0014418708245024982], ""fun"": 1000000000.0, ""violation"": 0, ""total"": 1000000000.0, ""extra"": {}}}, {""time"": 320.52863099612296, ""expectation_jobs"": null, ""fidelity_jobs"": null, ""optimizer_stats"": {}, ""result"": {""generator_statuses"": ""10000"", ""params"": [1.3694490209076273, 0.0, 0.0, 0.0, 0.0, 0.0455660298352914, 0.0, 0.0, 0.0, 0.0, 1.000634116729484, 0.9987383988841884, 1.000318851991447, 1.0002256485828793, 1.0002142555405145, 0.0, -0.007162454878567178, -0.0012355978271525502, -0.0014163135767084859, -0.0014452673879693813], ""fun"": 2.4110681873648168, ""violation"": 0, ""total"": 2.4110681873648168, ""extra"": {}}}]"
78,,,,,,,,,,,,,Timeout after 1800.0s,
79,,,,,,,,,,,,,Timeout after 1800.0s,
80,,,,,,,,,,,,,Timeout after 1800.0s,
81,,,,,,,,,,,,,Timeout after 1800.0s,
82,,,,,,,,,,,,,Timeout after 1800.0s,
83,10000,"[2.1676623529291765, 0.0, 0.0, 0.0, 0.0, 0.0786689493030213, 0.0, 0.0, 0.0, 0.0, 1.0003921320730067, 0.9999081405414728, 0.999937604144511, 1.0000587417295423, 1.0000793022148178, 0.0, -0.0021219227342211423, -0.0022735548605631755, -0.0015699013490594114, -0.0018206460182085518]",6.933758437660939,0.0,,,,,,,,,Timeout after 1800.0s,"[{""time"": 405.382122753188, ""expectation_jobs"": null, ""fidelity_jobs"": null, ""optimizer_stats"": {}, ""result"": {""generator_statuses"": ""10000"", ""params"": [2.1676623529291765, 0.0, 0.0, 0.0, 0.0, 0.0786689493030213, 0.0, 0.0, 0.0, 0.0, 1.0003921320730067, 0.9999081405414728, 0.999937604144511, 1.0000587417295423, 1.0000793022148178, 0.0, -0.0021219227342211423, -0.0022735548605631755, -0.0015699013490594114, -0.0018206460182085518], ""fun"": 6.933758437660939, ""violation"": 0, ""total"": 6.933758437660939, ""extra"": {}}}]"
84,,,,,,,,,,,,,Timeout after 1800.0s,
85,,,,,,,,,,,,,Timeout after 1800.0s,
86,,,,,,,,,,,,,Timeout after 1800.0s,
87,,,,,,,,,,,,,Timeout after 1800.0s,
88,,,,,,,,,,,,,Timeout after 1800.0s,
89,01100,"[0.0, 0.5100882529399186, 1.8189395441184613, 0.0, 0.0, 0.0, 0.02066751101618584, 0.08474115301926245, 0.0, 0.0, 0.9998471691666184, 1.0006695461984005, 1.000434708377074, 0.9998027016204426, 0.999564649996282, 0.0, 0.00417269434455693, 0.003347101034055865, 0.00109723604126359, -0.000936333773313002]",5.443094959508516,0.0,,,,,,,,,Timeout after 1800.0s,"[{""time"": 408.1401668014005, ""expectation_jobs"": null, ""fidelity_jobs"": null, ""optimizer_stats"": {}, ""result"": {""generator_statuses"": ""00100"", ""params"": [0.0, 0.0, 2.3290592734291438, 0.0, 0.0, 0.0, 0.0, 0.1055842245204384, 0.0, 0.0, 0.9901479993812834, 0.9909786440393423, 0.9907414402887812, 0.9901031217534603, 0.989862698975295, 0.0, 0.004254782418222019, 0.0034129632586829355, 0.001118842085124143, -0.0009547744986768835], ""fun"": 5.523744549005789, ""violation"": 0, ""total"": 5.523744549005789, ""extra"": {}}}, {""time"": 1020.5591965280473, ""expectation_jobs"": null, ""fidelity_jobs"": null, ""optimizer_stats"": {}, ""result"": {""generator_statuses"": ""01100"", ""params"": [0.0, 0.5102136955827399, 1.8189395441197442, 0.0, 0.0, 0.0, 0.013763512290558083, 0.0923448122585, 0.0, 0.0, 0.9627909795283115, 0.9636458768403526, 0.9634017319383792, 0.9627449050483701, 0.9624975302401443, 0.0, 0.004499817935713317, 0.0036095677630969417, 0.0011833415570164161, -0.001009825409908232], ""fun"": 5.511734847495779, ""violation"": 0, ""total"": 5.511734847495779, ""extra"": {}}}, {""time"": 1160.7422876777127, ""expectation_jobs"": null, ""fidelity_jobs"": null, ""optimizer_stats"": {}, ""result"": {""generator_statuses"": ""01100"", ""params"": [0.0, 0.5100882529385031, 1.81893954411974, 0.0, 0.0, 0.0, 0.024446649195645095, 0.08096201483946697, 0.0, 0.0, 0.9998471691671037, 1.0006695461988848, 1.0004347083775587, 0.9998027016209277, 0.9995646499967673, 0.0, 0.004172694344552869, 0.003347101034052706, 0.001097236041262539, -0.0009363337733120463], ""fun"": 5.443094959510749, ""violation"": 0, ""total"": 5.443094959510749, ""extra"": {}}}, {""time"": 1160.9408324360847, ""expectation_jobs"": null, ""fidelity_jobs"": null, ""optimizer_stats"": {}, ""result"": {""generator_statuses"": ""01100"", ""params"": [0.0, 0.5100882529399186, 1.8189395441184613, 0.0, 0.0, 0.0, 0.02066751101618584, 0.08474115301926245, 0.0, 0.0, 0.9998471691666184, 1.0006695461984005, 1.000434708377074, 0.9998027016204426, 0.999564649996282, 0.0, 0.00417269434455693, 0.003347101034055865, 0.00109723604126359, -0.000936333773313002], ""fun"": 5.443094959508516, ""violation"": 0, ""total"": 5.443094959508516, ""extra"": {}}}]"
90,,,,,,,,,,,,,Timeout after 1800.0s,
91,10110,"[0.6287483969071619, 0.0, 0.8217903203589182, 1.3783143097392943, 0.0, 3.6544811997808935e-09, 0.0, 0.13822020756538053, 0.04179113523711706, 0.0, 1.0027539055769414, 0.9997487431673877, 1.002352095967233, 1.002501479436418, 0.9948643714533294, 0.0, -0.006549451334667871, -0.0009547800982250458, -0.0005587610109282418, -0.023730290764627408]",7.239147657759348,0.0,,,,,,,,,Timeout after 1800.0s,"[{""time"": 176.64285977277905, ""expectation_jobs"": null, ""fidelity_jobs"": null, ""optimizer_stats"": {}, ""result"": {""generator_statuses"": ""01110"", ""params"": [0.0, 0.1394058088975962, 1.1232176644580643, 1.5642341669563702, 0.0, 0.0, 0.012291820898230457, 0.1382201948394927, 0.025254916035815277, 0.0, 1.0019781089044426, 1.0005514316420274, 1.0018701582886995, 1.0021740716440335, 0.9956712558766887, 0.0, -0.0030116985695333013, -0.0004229716753864478, 0.0006696781761807171, -0.02016483996751375], ""fun"": 7.7620483951040855, ""violation"": 0, ""total"": 7.7620483951040855, ""extra"": {}}}, {""time"": 252.2106002671644, ""expectation_jobs"": null, ""fidelity_jobs"": null, ""optimizer_stats"": {}, ""result"": {""generator_statuses"": ""00110"", ""params"": [0.0, 0.0, 1.2626235572636413, 1.5642341669654252, 0.0, 0.0, 0.0, 0.13822020112500022, 0.0375471128128629, 0.0, 1.0020350749428801, 1.000543208841144, 1.001927130479444, 1.0022310264901235, 0.9956629901297743, 0.0, -0.0029823492541424207, -0.00042292358068428854, 0.000669602050057971, -0.020135774052500034], ""fun"": 7.29023092897178, ""violation"": 0, ""total"": 7.29023092897178, ""extra"": {}}}, {""time"": 415.2283477243036, ""expectation_jobs"": null, ""fidelity_jobs"": null, ""optimizer_stats"": {}, ""result"": {""generator_statuses"": ""10110"", ""params"": [0.6287483968710936, 0.0, 0.8217903203891322, 1.3784852893517128, 0.0, 0.011251789469719406, 0.0, 0.0587611430402942, 0.11060626051778524, 0.0, 0.9950125915159787, 0.9915329277121745, 0.9945980286156707, 0.9947360081250555, 0.986605178277308, 0.0, -0.006454090017092146, -0.0009643852948790304, -0.0005593660781511115, -0.023922336561076014], ""fun"": 7.242420605784227, ""violation"": 0, ""total"": 7.242420605784227, ""extra"": {}}}, {""time"": 471.843512958847, ""expectation_jobs"": null, ""fidelity_jobs"": null, ""optimizer_stats"": {}, ""result"": {""generator_statuses"": ""10110"", ""params"": [0.6287483968906782, 0.0, 0.8217903203892437, 1.37831430972768, 0.0, 7.966943023623084e-08, 0.0, 0.13822019817134026, 0.041791068624660165, 0.0, 1.002753905599612, 0.9997487429909648, 1.002352095925391, 1.0025014793102558, 0.9948643712759837, 0.0, -0.006549451259846587, -0.0009547800628047747, -0.0005587609568309453, -0.023730290695901327], ""fun"": 7.239147657800979, ""violation"": 0, ""total"": 7.239147657800979, ""extra"": {}}}, {""time"": 752.0385875850916, ""expectation_jobs"": null, ""fidelity_jobs"": null, ""optimizer_stats"": {}, ""result"": {""generator_statuses"": ""10110"", ""params"": [0.6287483968906782, 0.0, 0.8217903203892437, 1.37831430972766, 0.0, 7.929746992130573e-08, 0.0, 0.1382201981719229, 0.04179106899607477, 0.0, 1.0027539055991126, 0.9997487429911976, 1.0023520959252075, 1.002501479310485, 0.9948643712762179, 0.0, -0.006549451260110129, -0.0009547800629787408, -0.0005587609570959363, -0.023730290696156828], ""fun"": 7.239147657800899, ""violation"": 0, ""total"": 7.239147657800899, ""extra"": {}}}, {""time"": 756.2066738745198, ""expectation_jobs"": null, ""fidelity_jobs"": null, ""optimizer_stats"": {}, ""result"": {""generator_statuses"": ""10110"", ""params"": [0.6287483968906782, 0.0, 0.8217903203892437, 1.3783143097276038, 0.0, 7.943007119774615e-08, 0.0, 0.13822019817191372, 0.041791068863705746, 0.0, 1.0027539055992936, 0.9997487429911184, 1.0023520959252756, 1.0025014793104061, 0.9948643712761378, 0.0, -0.006549451260016593, -0.0009547800629167167, -0.0005587609570015717, -0.023730290696065994], ""fun"": 7.239147657800772, ""violation"": 0, ""total"": 7.239147657800772, ""extra"": {}}}, {""time"": 765.2768589965999, ""expectation_jobs"": null, ""fidelity_jobs"": null, ""optimizer_stats"": {}, ""result"": {""generator_statuses"": ""10110"", ""params"": [0.6287483968925873, 0.0, 0.8217903203853738, 1.3783143097295514, 0.0, 7.090541627304193e-08, 0.0, 0.13822019928866133, 0.041791076271334285, 0.0, 1.0027539055853782, 0.9997487429998273, 1.0023520959185905, 1.0025014793131788, 0.9948643712848921, 0.0, -0.0065494512687067396, -0.0009547800669105942, -0.0005587609630809914, -0.023730290704455186], ""fun"": 7.239147657795872, ""violation"": 0, ""total"": 7.239147657795872, ""extra"": {}}}, {""time"": 765.5595041615888, ""expectation_jobs"": null, ""fidelity_jobs"": null, ""optimizer_stats"": {}, ""result"": {""generator_statuses"": ""10110"", ""params"": [0.6287483968931498, 0.0, 0.8217903203842303, 1.3783143097300952, 0.0, 6.647748892143226e-08, 0.0, 0.138220199689355, 0.04179108029829939, 0.0, 1.0027539055785273, 0.9997487430037781, 1.0023520959154955, 1.0025014793149962, 0.9948643712888641, 0.0, -0.006549451272789293, -0.0009547800689841014, -0.0005587609662376299, -0.023730290708401342], ""fun"": 7.239147657794055, ""violation"": 0, ""total"": 7.239147657794055, ""extra"": {}}}, {""time"": 766.6543289395049, ""expectation_jobs"": null, ""fidelity_jobs"": null, ""optimizer_stats"": {}, ""result"": {""generator_statuses"": ""10110"", ""params"": [0.6287483968940593, 0.0, 0.8217903203824117, 1.3783143097311037, 0.0, 6.488794500634375e-08, 0.0, 0.13822020015952383, 0.04179108141792462, 0.0, 1.0027539055753802, 0.9997487430062375, 1.0023520959136962, 1.002501479314961, 0.994864371291336, 0.0, -0.006549451275038979, -0.000954780069730341, -0.0005587609673729386, -0.023730290710565958], ""fun"": 7.239147657792343, ""violation"": 0, ""total"": 7.239147657792343, ""extra"": {}}}, {""time"": 767.0352412359789, ""expectation_jobs"": null, ""fidelity_jobs"": null, ""optimizer_stats"": {}, ""result"": {""generator_statuses"": ""10110"", ""params"": [0.6287483968943491, 0.0, 0.8217903203816989, 1.3783143097314416, 0.0, 6.473740632646105e-08, 0.0, 0.13822020039967764, 0.04179108132812365, 0.0, 1.0027539055745047, 0.9997487430069294, 1.002352095912948, 1.0025014793143794, 0.9948643712920316, 0.0, -0.006549451275722277, -0.000954780069802302, -0.0005587609674814647, -0.0237302907112254], ""fun"": 7.23914765779139, ""violation"": 0, ""total"": 7.23914765779139, ""extra"": {}}}, {""time"": 850.25070844125, ""expectation_jobs"": null, ""fidelity_jobs"": null, ""optimizer_stats"": {}, ""result"": {""generator_statuses"": ""10110"", ""params"": [0.6287483968982207, 0.0, 0.8217903203740071, 1.378314309734056, 0.0, 4.9328318703256826e-08, 0.0, 0.13822020253301243, 0.04179109459927393, 0.0, 1.002753905612834, 0.9997487430869754, 1.0023520959643717, 1.0025014793828895, 0.9948643713724964, 0.0, -0.006549451290877175, -0.0009547800769010241, -0.0005587609784008074, -0.02373029072361488], ""fun"": 7.23914765778192, ""violation"": 0, ""total"": 7.23914765778192, ""extra"": {}}}, {""time"": 860.3861872386187, ""expectation_jobs"": null, ""fidelity_jobs"": null, ""optimizer_stats"": {}, ""result"": {""generator_statuses"": ""10110"", ""params"": [0.6287483969071619, 0.0, 0.8217903203589182, 1.3783143097392943, 0.0, 3.6544811997808935e-09, 0.0, 0.13822020756538053, 0.04179113523711706, 0.0, 1.0027539055769414, 0.9997487431673877, 1.002352095967233, 1.002501479436418, 0.9948643714533294, 0.0, -0.006549451334667871, -0.0009547800982250458, -0.0005587610109282418, -0.023730290764627408], ""fun"": 7.239147657759348, ""violation"": 0, ""total"": 7.239147657759348, ""extra"": {}}}]"
92,,,,,,,,,,,,,Timeout after 1800.0s,
93,,,,,,,,,,,,,Timeout after 1800.0s,
94,11011,"[1.5117528683810697, 0.7664497343856947, 0.0, 0.6642636494930915, 0.8370125588168801, 0.06478052118285119, 0.012114136403149907, 0.0, 0.05880501164305372, 0.02202819138197431, 0.9993038570010376, 0.9998982818589027, 1.0004118944421325, 1.000305175964987, 1.0004457836935023, 0.0, 0.001314610684879547, 0.0024448546560445024, 0.0022037188858319958, 0.0025976297533569603]",9.899255690291454,0.0,,,,,,,,,Timeout after 1800.0s,"[{""time"": 91.07821431010962, ""expectation_jobs"": null, ""fidelity_jobs"": null, ""optimizer_stats"": {}, ""result"": {""generator_statuses"": ""11011"", ""params"": [1.5117528683810697, 0.7664497343856947, 0.0, 0.6642636494930915, 0.8370125588168801, 0.06478052118285119, 0.012114136403149907, 0.0, 0.05880501164305372, 0.02202819138197431, 0.9993038570010376, 0.9998982818589027, 1.0004118944421325, 1.000305175964987, 1.0004457836935023, 0.0, 0.001314610684879547, 0.0024448546560445024, 0.0022037188858319958, 0.0025976297533569603], ""fun"": 9.899255690291454, ""violation"": 0, ""total"": 9.899255690291454, ""extra"": {}}}]"
95,,,,,,,,,,,,,Timeout after 1800.0s,
96,,,,,,,,,,,,,Timeout after 1800.0s,
97,,,,,,,,,,,,,Timeout after 1800.0s,
98,11000,"[1.0199882023325044, 3.2494519734116487, 0.0, 0.0, 0.0, 0.010357697445942142, 0.11907079857102527, 0.0, 0.0, 0.0, 1.0008721347574034, 0.9969381395325458, 1.0014521461190866, 1.0006700714981107, 1.0007729183167056, 0.0, -0.00964732568931772, 0.0021954310949806204, -0.00032877944317634606, -0.0005999935463210598]",11.159128704898569,0.0,,,,,,,,,Timeout after 1800.0s,"[{""time"": 7.943090763874352, ""expectation_jobs"": null, ""fidelity_jobs"": null, ""optimizer_stats"": {}, ""result"": {""generator_statuses"": ""01000"", ""params"": [0.0, 4.269439565448822, 0.0, 0.0, 0.0, 0.0, 0.12942661664493588, 0.0, 0.0, 0.0, 1.0009908426555731, 0.9970573341933097, 1.0015707844344273, 1.000788803378671, 1.000891638048311, 0.0, -0.009645027541218562, 0.00219491071837383, -0.0003287014441158535, -0.0005998512389535874], ""fun"": 12.966366383230598, ""violation"": 0, ""total"": 12.966366383230598, ""extra"": {}}}, {""time"": 78.50116769596934, ""expectation_jobs"": null, ""fidelity_jobs"": null, ""optimizer_stats"": {}, ""result"": {""generator_statuses"": ""10011"", ""params"": [1.131145418052436, 0.0, 0.0, 1.0629201545294784, 2.082820399499314, 0.017641518006423624, 0.0, 0.0, 0.02610603712704171, 0.1157588824559162, 0.9182627917234757, 0.9110392164213519, 0.9159939266929041, 0.9197850893937866, 0.9189032143607808, 0.0, -0.023120172519746678, -0.008951605275686801, 0.003281408897105733, 0.003208772207808978], ""fun"": 11.776629516605823, ""violation"": 0, ""total"": 11.776629516605823, ""extra"": {}}}, {""time"": 107.2152255801484, ""expectation_jobs"": null, ""fidelity_jobs"": null, ""optimizer_stats"": {}, ""result"": {""generator_statuses"": ""10011"", ""params"": [1.1311454180522869, 0.0, 0.0, 1.0629201545366078, 2.0812081007328107, 0.017641509490067625, 0.0, 0.0, 0.017531119596824317, 0.11821488751401059, 1.0019485916746815, 0.9953608468891755, 0.9998822286577844, 1.0033131424381596, 1.0025470936966352, 0.0, -0.019395890198543937, -0.007515741297805253, 0.002772067744155576, 0.0026900434974868105], ""fun"": 11.42466318204375, ""violation"": 0, ""total"": 11.42466318204375, ""extra"": {}}}, {""time"": 289.78289572987705, ""expectation_jobs"": null, ""fidelity_jobs"": null, ""optimizer_stats"": {}, ""result"": {""generator_statuses"": ""11000"", ""params"": [1.0199882023325044, 3.2494519734116487, 0.0, 0.0, 0.0, 0.010357697445942142, 0.11907079857102527, 0.0, 0.0, 0.0, 1.0008721347574034, 0.9969381395325458, 1.0014521461190866, 1.0006700714981107, 1.0007729183167056, 0.0, -0.00964732568931772, 0.0021954310949806204, -0.00032877944317634606, -0.0005999935463210598], ""fun"": 11.159128704898569, ""violation"": 0, ""total"": 11.159128704898569, ""extra"": {}}}]"
99,,,,,,,,,,,,,Timeout after 1800.0s,
100,,,,,,,,,,,,,Timeout after 1800.0s,
101,00110,"[0.0, 0.0, 4.932851892609742, 2.3642500087167777, 0.0, 0.0, 0.0, 0.20367142378395311, 0.13806837491238352, 0.0, 0.9996669283025799, 1.0000341006880322, 1.0000229298975625, 1.0002701781120902, 1.0001201721406305, 0.0, 0.0010208384982733603, 0.0008789166041793867, 0.0019985435419921037, 0.0013368943724823609]",29.579199130032702,0.0,,,,,,,,,Timeout after 1800.0s,"[{""time"": 0.2875515157356858, ""expectation_jobs"": null, ""fidelity_jobs"": null, ""optimizer_stats"": {}, ""result"": {""generator_statuses"": ""10110"", ""params"": [0.7520040192324622, 0.0, 5.031498997174074, 1.513789853741891, 0.0, 0.015306545004785054, 0.0, 0.2531688709639239, 0.07327667173776002, 0.0, 1.0011274019620462, 1.000054861815006, 1.0003516641987853, 1.0001606941931243, 1.0001268749167542, 0.0, -0.002493997712390365, -0.00194050851481908, -0.0020923356998746112, -0.0023368179360496693], ""fun"": 1000000000.0, ""violation"": 0, ""total"": 1000000000.0, ""extra"": {}}}, {""time"": 116.16413865797222, ""expectation_jobs"": null, ""fidelity_jobs"": null, ""optimizer_stats"": {}, ""result"": {""generator_statuses"": ""11101"", ""params"": [0.6667369877899182, 1.1921527522176947, 4.932851892609129, 0.0, 0.5055637397680828, 2.262491412235013e-07, 0.10645902091166931, 0.20570047586233756, 0.0, 0.03006412516930389, 1.0006201612250805, 0.9999645618108388, 0.9998879652225224, 0.999709720224336, 0.9999213867301352, 0.0, -0.0016405970144003827, -0.001980930140157387, -0.002627686198378668, -0.0018856786588005764], ""fun"": 29.867916005722325, ""violation"": 0, ""total"": 29.867916005722325, ""extra"": {}}}, {""time"": 337.02757490053773, ""expectation_jobs"": null, ""fidelity_jobs"": null, ""optimizer_stats"": {}, ""result"": {""generator_statuses"": ""00110"", ""params"": [0.0, 0.0, 4.932851892609742, 2.3642500087458314, 0.0, 0.0, 0.0, 0.20366797132817988, 0.138071827568284, 0.0, 0.9996669264705872, 1.0000341023159185, 1.0000229256282405, 1.0002701812904837, 1.000120173448094, 0.0, 0.001020837515843403, 0.0008789173076495717, 0.0019985423649719492, 0.001336893638037548], ""fun"": 29.579199130174207, ""violation"": 0, ""total"": 29.579199130174207, ""extra"": {}}}, {""time"": 337.98521529883146, ""expectation_jobs"": null, ""fidelity_jobs"": null, ""optimizer_stats"": {}, ""result"": {""generator_statuses"": ""00110"", ""params"": [0.0, 0.0, 4.932851892609522, 2.3642500087460188, 0.0, 0.0, 0.0, 0.2036679186167501, 0.13807188028198092, 0.0, 0.9996669265419551, 1.0000341024400743, 1.0000229256623607, 1.0002701814382888, 1.0001201735673493, 0.0, 0.0010208375006412937, 0.0008789173182151349, 0.001998542346604598, 0.0013368936265588075], ""fun"": 29.579199130172864, ""violation"": 0, ""total"": 29.579199130172864, ""extra"": {}}}, {""time"": 338.46466276049614, ""expectation_jobs"": null, ""fidelity_jobs"": null, ""optimizer_stats"": {}, ""result"": {""generator_statuses"": ""00110"", ""params"": [0.0, 0.0, 4.932851892609742, 2.3642500087167777, 0.0, 0.0, 0.0, 0.20367142378395311, 0.13806837491238352, 0.0, 0.9996669283025799, 1.0000341006880322, 1.0000229298975625, 1.0002701781120902, 1.0001201721406305, 0.0, 0.0010208384982733603, 0.0008789166041793867, 0.0019985435419921037, 0.0013368943724823609], ""fun"": 29.579199130032702, ""violation"": 0, ""total"": 29.579199130032702, ""extra"": {}}}]"
102,10001,"[2.596536961718642, 0.0, 0.0, 0.0, 1.0733254273410837, 6.331562345869843e-07, 0.0, 0.0, 0.0, 0.05328945613163732, 1.0017961201574674, 0.9993594493961906, 1.0014968405263494, 0.9970903500766504, 1.0009252661586538, 0.0, -0.006384360987583559, -0.001617184979607641, -0.011784609881686841, -0.002514863898213828]",7.137448455294613,0.0,,,,,,,,,Timeout after 1800.0s,"[{""time"": 332.71676295623183, ""expectation_jobs"": null, ""fidelity_jobs"": null, ""optimizer_stats"": {}, ""result"": {""generator_statuses"": ""10001"", ""params"": [2.596536961711379, 0.0, 0.0, 0.0, 1.0733254273358404, 9.69701331331284e-07, 0.0, 0.0, 0.0, 0.053289119554970586, 1.0017961205320076, 0.9993594491681275, 1.0014968408364233, 0.9970903498480602, 1.0009252659309569, 0.0, -0.006384360755559283, -0.0016171849694440368, -0.011784609652132912, -0.0025148636644262918], ""fun"": 7.137448455302408, ""violation"": 0, ""total"": 7.137448455302408, ""extra"": {}}}, {""time"": 681.6202978119254, ""expectation_jobs"": null, ""fidelity_jobs"": null, ""optimizer_stats"": {}, ""result"": {""generator_statuses"": ""10001"", ""params"": [2.596536961722609, 0.0, 0.0, 0.0, 1.073325427337196, 6.323575777554468e-07, 0.0, 0.0, 0.0, 0.053289456929865864, 1.0017961201565861, 0.9993594493967358, 1.0014968405256215, 0.997090350077197, 1.000925266159198, 0.0, -0.006384360988140703, -0.0016171849796325452, -0.01178460988223811, -0.0025148638987752344], ""fun"": 7.137448455297442, ""violation"": 0, ""total"": 7.137448455297442, ""extra"": {}}}, {""time"": 681.8318159850314, ""expectation_jobs"": null, ""fidelity_jobs"": null, ""optimizer_stats"": {}, ""result"": {""generator_statuses"": ""10001"", ""params"": [2.5965369617207723, 0.0, 0.0, 0.0, 1.0733254273392174, 6.290151039516874e-07, 0.0, 0.0, 0.0, 0.053289460272827875, 1.001796120152869, 0.9993594493990047, 1.0014968405225442, 0.9970903500794707, 1.0009252661614636, 0.0, -0.006384360990441653, -0.0016171849797330866, -0.011784609884514397, -0.0025148639010937187], ""fun"": 7.137448455296105, ""violation"": 0, ""total"": 7.137448455296105, ""extra"": {}}}, {""time"": 855.2535857073963, ""expectation_jobs"": null, ""fidelity_jobs"": null, ""optimizer_stats"": {}, ""result"": {""generator_statuses"": ""10001"", ""params"": [2.5965369617206293, 0.0, 0.0, 0.0, 1.0733254273392254, 6.286538495801549e-07, 0.0, 0.0, 0.0, 0.05328946063401949, 1.001796120152453, 0.9993594493992357, 1.0014968405221978, 0.9970903500797024, 1.0009252661616943, 0.0, -0.006384360990690774, -0.0016171849797440264, -0.011784609884760976, -0.0025148639013446122], ""fun"": 7.137448455295697, ""violation"": 0, ""total"": 7.137448455295697, ""extra"": {}}}, {""time"": 857.6901177316904, ""expectation_jobs"": null, ""fidelity_jobs"": null, ""optimizer_stats"": {}, ""result"": {""generator_statuses"": ""10001"", ""params"": [2.5965369617185536, 0.0, 0.0, 0.0, 1.0733254273408666, 6.44168549574797e-07, 0.0, 0.0, 0.0, 0.0532894451179927, 1.0017961201697234, 0.9993594493887276, 1.0014968405364963, 0.9970903500691699, 1.000925266151203, 0.0, -0.006384360979991116, -0.001617184979275151, -0.011784609874175175, -0.002514863890563748], ""fun"": 7.13744845529529, ""violation"": 0, ""total"": 7.13744845529529, ""extra"": {}}}, {""time"": 876.6689854096621, ""expectation_jobs"": null, ""fidelity_jobs"": null, ""optimizer_stats"": {}, ""result"": {""generator_statuses"": ""10001"", ""params"": [2.596536961718642, 0.0, 0.0, 0.0, 1.0733254273410837, 6.331562345869843e-07, 0.0, 0.0, 0.0, 0.05328945613163732, 1.0017961201574674, 0.9993594493961906, 1.0014968405263494, 0.9970903500766504, 1.0009252661586538, 0.0, -0.006384360987583559, -0.001617184979607641, -0.011784609881686841, -0.002514863898213828], ""fun"": 7.137448455294613, ""violation"": 0, ""total"": 7.137448455294613, ""extra"": {}}}]"
103,,,,,,,,,,,,,Timeout after 1800.0s,
104,,,,,,,,,,,,,Timeout after 1800.0s,
105,,,,,,,,,,,,,Timeout after 1800.0s,
106,00100,"[0.0, 0.0, 2.114644943233685, 0.0, 0.0, 0.0, 0.0, 0.14566562830922639, 0.0, 0.0, 1.0000132766907754, 1.002651418872305, 1.0026083194895261, 0.9954292118211978, 0.9999671069133944, 0.0, 0.005741756508310801, 0.005593647156671261, -0.008346315540879112, -0.00015431882785483356]",3.7791962858071972,0.0,,,,,,,,,Timeout after 1800.0s,"[{""time"": 0.11539511289447546, ""expectation_jobs"": null, ""fidelity_jobs"": null, ""optimizer_stats"": {}, ""result"": {""generator_statuses"": ""00100"", ""params"": [0.0, 0.0, 2.1146310521083307, 0.0, 0.0, 0.0, 0.0, 0.14563135346514697, 0.0, 0.0, 1.0024702373467231, 1.0051016534269672, 1.0050586591741946, 0.9978976828453199, 1.0024241807957115, 0.0, 0.005713706004536666, 0.005566317924861807, -0.008305263115923863, -0.00015356327812446154], ""fun"": 1000000000.0, ""violation"": 0, ""total"": 1000000000.0, ""extra"": {}}}, {""time"": 28.310688991099596, ""expectation_jobs"": null, ""fidelity_jobs"": null, ""optimizer_stats"": {}, ""result"": {""generator_statuses"": ""11100"", ""params"": [0.3566264203083885, 0.21357164663381706, 1.5431269452954168, 0.0, 0.0, 0.037114562792133474, 0.019296684172055465, 0.0855980473942388, 0.0, 0.0, 1.00095491218309, 1.0010472583821524, 1.0010040898920902, 0.9963752656091919, 1.000908785865714, 0.0, 0.0004513357511157622, 0.00030275131341983395, -0.008330546152930645, -0.00015402860412923054], ""fun"": 5.43852966623478, ""violation"": 0, ""total"": 5.43852966623478, ""extra"": {}}}, {""time"": 180.12351440172642, ""expectation_jobs"": null, ""fidelity_jobs"": null, ""optimizer_stats"": {}, ""result"": {""generator_statuses"": ""01100"", ""params"": [0.0, 0.21357164663872824, 1.9003112322571278, 0.0, 0.0, 0.0, 0.019296709623236052, 0.12425755556677638, 0.0, 0.0, 1.0003463365609317, 1.0020447714989933, 1.0020016460078662, 0.9957638354439676, 1.0003001821648712, 0.0, 0.003754729830732296, 0.00360644108348126, -0.008340732729102678, -0.0001542160809903203], ""fun"": 4.43827114012464, ""violation"": 0, ""total"": 4.43827114012464, ""extra"": {}}}, {""time"": 233.82424370013177, ""expectation_jobs"": null, ""fidelity_jobs"": null, ""optimizer_stats"": {}, ""result"": {""generator_statuses"": ""00100"", ""params"": [0.0, 0.0, 2.114644943233685, 0.0, 0.0, 0.0, 0.0, 0.14566562830922639, 0.0, 0.0, 1.0000132766907754, 1.002651418872305, 1.0026083194895261, 0.9954292118211978, 0.9999671069133944, 0.0, 0.005741756508310801, 0.005593647156671261, -0.008346315540879112, -0.00015431882785483356], ""fun"": 3.7791962858071972, ""violation"": 0, ""total"": 3.7791962858071972, ""extra"": {}}}]"
107,,,,,,,,,,,,,Timeout after 1800.0s,
108,,,,,,,,,,,,,Timeout after 1800.0s,
109,01011,"[0.0, 1.7719816953921728, 0.0, 0.594406008652877, 1.699612580606961, 0.0, 0.011863964366554987, 0.0, 0.03467311351659093, 8.67612561891338e-08, 0.9978793937525847, 1.0010840744034144, 1.0010101311868131, 1.0002696308331511, 1.0017490116253909, 0.0, 0.008557053127213787, 0.007938909717096031, 0.005940324351686275, 0.011624025349071608]",8.412265727955848,0.0,,,,,,,,,Timeout after 1800.0s,"[{""time"": 67.25728400051594, ""expectation_jobs"": null, ""fidelity_jobs"": null, ""optimizer_stats"": {}, ""result"": {""generator_statuses"": ""11010"", ""params"": [1.191769918291621, 1.7866502564612832, 0.0, 1.0898692742968468, 0.0, 0.009528515958237402, 0.009512409952221688, 0.0, 0.03628691530084356, 0.0, 0.9990703774740286, 1.0025441814886222, 1.0009602239517499, 1.0012913134850054, 0.9998218094348699, 0.0, 0.009546745495169727, 0.004807189424572275, 0.005520043386843026, -0.0006320707208874811], ""fun"": 8.813230460434387, ""violation"": 0, ""total"": 8.813230460434387, ""extra"": {}}}, {""time"": 138.58913988247514, ""expectation_jobs"": null, ""fidelity_jobs"": null, ""optimizer_stats"": {}, ""result"": {""generator_statuses"": ""01011"", ""params"": [0.0, 1.7719803882500167, 0.0, 0.5944060091219848, 1.6996185564209016, 0.0, 0.017969818102746705, 0.0, 0.028579477961296715, 8.539262845677387e-07, 0.9976133692265653, 1.0008289348914154, 1.0007457951064935, 1.000000269142817, 1.0014848774006233, 0.0, 0.008558211225894825, 0.007942888121195741, 0.005945422339338732, 0.011629980541715488], ""fun"": 8.41226928494454, ""violation"": 0, ""total"": 8.41226928494454, ""extra"": {}}}, {""time"": 380.4888030998409, ""expectation_jobs"": null, ""fidelity_jobs"": null, ""optimizer_stats"": {}, ""result"": {""generator_statuses"": ""01011"", ""params"": [0.0, 1.7719816954775967, 0.0, 0.5944060086525328, 1.6996125806231763, 0.0, 0.011859693208388283, 0.0, 0.03467742516546481, 4.648968589122326e-08, 0.9978793949168956, 1.0010840685289113, 1.0010101316818343, 1.0002696347943447, 1.0017490119039003, 0.0, 0.008557055488600977, 0.00793890990656674, 0.0059403229776112095, 0.011624025579979267], ""fun"": 8.412265728046709, ""violation"": 0, ""total"": 8.412265728046709, ""extra"": {}}}, {""time"": 380.52419588528574, ""expectation_jobs"": null, ""fidelity_jobs"": null, ""optimizer_stats"": {}, ""result"": {""generator_statuses"": ""01011"", ""params"": [0.0, 1.7719816954691543, 0.0, 0.5944060086546088, 1.6996125806221303, 0.0, 0.011859999036088746, 0.0, 0.034677110393583344, 5.5417455327801574e-08, 0.9978793948219763, 1.0010840689414553, 1.0010101316465634, 1.0002696344978388, 1.0017490119165777, 0.0, 0.00855705531829808, 0.00793890988862224, 0.005940323076906188, 0.011624025552314114], ""fun"": 8.412265728041307, ""violation"": 0, ""total"": 8.412265728041307, ""extra"": {}}}, {""time"": 836.7157219229266, ""expectation_jobs"": null, ""fidelity_jobs"": null, ""optimizer_stats"": {}, ""result"": {""generator_statuses"": ""01011"", ""params"": [0.0, 1.7719816953921728, 0.0, 0.594406008652877, 1.699612580606961, 0.0, 0.011863964366554987, 0.0, 0.03467311351659093, 8.67612561891338e-08, 0.9978793937525847, 1.0010840744034144, 1.0010101311868131, 1.0002696308331511, 1.0017490116253909, 0.0, 0.008557053127213787, 0.007938909717096031, 0.005940324351686275, 0.011624025349071608], ""fun"": 8.412265727955848, ""violation"": 0, ""total"": 8.412265727955848, ""extra"": {}}}]"
110,,,,,,,,,,,,,Timeout after 1800.0s,
111,,,,,,,,,,,,,Timeout after 1800.0s,
112,,,,,,,,,,,,,Timeout after 1800.0s,
113,,,,,,,,,,,,,Timeout after 1800.0s,
114,,,,,,,,,,,,,Timeout after 1800.0s,
115,,,,,,,,,,,,,Timeout after 1800.0s,
116,,,,,,,,,,,,,Timeout after 1800.0s,
117,11001,"[1.3895270146170764, 1.527378670222309, 0.0, 0.0, 0.8551762649288875, 0.005968852107608861, 0.13054616765549257, 0.0, 0.0, 0.028369320086561244, 1.0002044911732448, 1.0001465503264815, 0.9998274188222883, 0.9998790948588837, 1.0001319717788597, 0.0, -0.00017399208203878246, -0.0010612212797882121, -0.000779561909539163, -0.00019241817461133147]",9.013435675587793,0.0,,,,,,,,,Timeout after 1800.0s,"[{""time"": 0.31208777893334627, ""expectation_jobs"": null, ""fidelity_jobs"": null, ""optimizer_stats"": {}, ""result"": {""generator_statuses"": ""11001"", ""params"": [1.0776242370611342, 2.047032697933923, 0.0, 0.0, 0.6474166137938565, 0.002997912690342679, 0.12558517613146597, 0.0, 0.0, 0.03631376851824793, 1.0020109819928387, 1.0020062403659962, 1.0016514733494521, 1.0017142441134923, 1.001926312868709, 0.0, -2.4316717356243488e-05, -0.0010184019604492502, -0.0007192655946820528, -0.00037745727490497865], ""fun"": 1000000000.0, ""violation"": 0, ""total"": 1000000000.0, ""extra"": {}}}, {""time"": 187.88563006464392, ""expectation_jobs"": null, ""fidelity_jobs"": null, ""optimizer_stats"": {}, ""result"": {""generator_statuses"": ""11001"", ""params"": [1.3895270146170764, 1.527378670222309, 0.0, 0.0, 0.8551762649288875, 0.005968852107608861, 0.13054616765549257, 0.0, 0.0, 0.028369320086561244, 1.0002044911732448, 1.0001465503264815, 0.9998274188222883, 0.9998790948588837, 1.0001319717788597, 0.0, -0.00017399208203878246, -0.0010612212797882121, -0.000779561909539163, -0.00019241817461133147], ""fun"": 9.013435675587793, ""violation"": 0, ""total"": 9.013435675587793, ""extra"": {}}}]"
118,11010,"[1.964670823282878, 1.6852315560990963, 0.0, 0.565485188803261, 6.217821993650348e-11, 0.10045434765568231, 0.04521763889547942, 0.0, 5.0122934090215284e-09, -4.592929729541275e-13, 1.0143148545936662, 1.0128767311750402, 1.0131327396261467, 1.0125799860008333, 1.0115955213892625, 0.0, -0.0033712792961864096, -0.002250934548305556, -0.0038805037116566203, -0.009030168811095982]",10.148983444377492,0.0,,,,,,,,,Timeout after 1800.0s,"[{""time"": 1175.0697995144874, ""expectation_jobs"": null, ""fidelity_jobs"": null, ""optimizer_stats"": {}, ""result"": {""generator_statuses"": ""11010"", ""params"": [1.964670823282878, 1.6852315560990963, 0.0, 0.565485188803261, 6.217821993650348e-11, 0.10045434765568231, 0.04521763889547942, 0.0, 5.0122934090215284e-09, -4.592929729541275e-13, 1.0143148545936662, 1.0128767311750402, 1.0131327396261467, 1.0125799860008333, 1.0115955213892625, 0.0, -0.0033712792961864096, -0.002250934548305556, -0.0038805037116566203, -0.009030168811095982], ""fun"": 10.148983444377492, ""violation"": 0, ""total"": 10.148983444377492, ""extra"": {}}}]"
119,11011,"[0.8777784240066364, 2.0884697576140505, 0.0, 0.1648512096040677, 0.608330837717958, 0.03704967107129369, 9.739199600358088e-07, 0.0, 0.00929441213257527, 0.021789020820895677, 0.9999739451749079, 1.0001243815399763, 1.00073797378294, 0.9998365033003176, 0.9995450961090451, 0.0, 0.0005724537336280702, 0.0020167310634756977, -0.00031275183647356343, -0.0009694843818227641]",12.216166566281123,0.0,,,,,,,,,Timeout after 1800.0s,"[{""time"": 110.43885029107332, ""expectation_jobs"": null, ""fidelity_jobs"": null, ""optimizer_stats"": {}, ""result"": {""generator_statuses"": ""11011"", ""params"": [0.8777784240066364, 2.0884697576140505, 0.0, 0.1648512096040677, 0.608330837717958, 0.03704967107129369, 9.739199600358088e-07, 0.0, 0.00929441213257527, 0.021789020820895677, 0.9999739451749079, 1.0001243815399763, 1.00073797378294, 0.9998365033003176, 0.9995450961090451, 0.0, 0.0005724537336280702, 0.0020167310634756977, -0.00031275183647356343, -0.0009694843818227641], ""fun"": 12.216166566281123, ""violation"": 0, ""total"": 12.216166566281123, ""extra"": {}}}]"
